Товар,1-ый раздел,2-ой раздел,3-ий раздел,4-ый раздел,5-ый раздел,6-ой раздел,Название,Артикул,Доставка,Цена,Фотографии
https://carbon.pro/usd/product/carbon-rear-diffuser-for-oem-rear-bumper-car-with-towbar/,Rolls Royce,Cullinan,Cullinan Mansory Light,Tail pipes, , ,Tail pipes,,0-14 days,1 265 $,https://carbon.pro/wp-content/uploads/wpp_thumb/Cullinan-tail-pipes-by-www.carbon.pro_/Cullinan-tail-pipes-by-www.carbon.pro__780.jpg?v=0.1.085
https://carbon.pro/usd/product/carbon-exhaust-tailpipes/,Mercedes,A-CLASS,W 177,AMG A 35,Carbon exhaust tailpipes, ,Carbon exhaust tailpipes,,0-14 days,2 404 $,"https://carbon.pro/wp-content/uploads/wpp_thumb/X167-425-00-1387x780-1/X167-425-00-1387x780-1_780.jpg?v=0.1.085;
https://carbon.pro/wp-content/uploads/wpp_thumb/2X167-463-00-1387x780-1/2X167-463-00-1387x780-1_780.jpg?v=0.1.085"
https://carbon.pro/usd/product/carbon-interior-gle-63-167/,Mercedes,GLS-Class,X 167,AMG GLS 63,Carbon Interior trim, ,Carbon Interior trim,,0-14 days,3 196 $,"https://carbon.pro/wp-content/uploads/wpp_thumb/364808.ECE_.MB-2/364808.ECE_.MB-2_780.jpg?v=0.1.085;
https://carbon.pro/wp-content/uploads/wpp_thumb/gle-167-carbon-interor-parts-by-carbon.pro-5/gle-167-carbon-interor-parts-by-carbon.pro-5_780.jpg?v=0.1.085;
https://carbon.pro/wp-content/uploads/wpp_thumb/gle-167-carbon-interor-parts-by-carbon.pro-4/gle-167-carbon-interor-parts-by-carbon.pro-4_780.jpg?v=0.1.085;
https://carbon.pro/wp-content/uploads/wpp_thumb/gle-167-carbon-interor-parts-by-carbon.pro-3/gle-167-carbon-interor-parts-by-carbon.pro-3_780.jpg?v=0.1.085;
https://carbon.pro/wp-content/uploads/wpp_thumb/GLE-63-AMG-167-TUNING-CARBON-interior-parts1/GLE-63-AMG-167-TUNING-CARBON-interior-parts1_780.jpg?v=0.1.085;
https://carbon.pro/wp-content/uploads/wpp_thumb/GLE-63-AMG-167-TUNING-CARBON-interior-parts2/GLE-63-AMG-167-TUNING-CARBON-interior-parts2_780.jpg?v=0.1.085;
https://carbon.pro/wp-content/uploads/wpp_thumb/GLE-63-AMG-167-TUNING-CARBON-interior-parts3/GLE-63-AMG-167-TUNING-CARBON-interior-parts3_780.jpg?v=0.1.085;
https://carbon.pro/wp-content/uploads/wpp_thumb/GLE-63-AMG-167-TUNING-CARBON-interior-parts4/GLE-63-AMG-167-TUNING-CARBON-interior-parts4_780.jpg?v=0.1.085"
https://carbon.pro/usd/product/brabus-design-widestar-package-2/,Mercedes,G-CLASS,W 463A,AMG G 63,BRABUS Design Widestar Package, ,BRABUS Design Widestar Package,,0-14 days,15 952 $,"https://carbon.pro/wp-content/uploads/wpp_thumb/002_B800_3_4_front-1387x780/002_B800_3_4_front-1387x780_780.jpg?v=0.1.085;
https://carbon.pro/wp-content/uploads/wpp_thumb/3a7b84b8-7f9b-4cc4-b74e-2f629db51831/3a7b84b8-7f9b-4cc4-b74e-2f629db51831_780.jpg?v=0.1.085;
https://carbon.pro/wp-content/uploads/wpp_thumb/004_B800_3_4_rear-1387x780/004_B800_3_4_rear-1387x780_780.jpg?v=0.1.085;
https://carbon.pro/wp-content/uploads/wpp_thumb/003_B800_side-1168x780/003_B800_side-1168x780_780.jpg?v=0.1.085;
https://carbon.pro/wp-content/uploads/wpp_thumb/DSC_0215-1387x780/DSC_0215-1387x780_780.jpg?v=0.1.085;
https://carbon.pro/wp-content/uploads/wpp_thumb/001_B800_front-1387x780/001_B800_front-1387x780_780.jpg?v=0.1.085;
https://carbon.pro/wp-content/uploads/wpp_thumb/DSC_0235-1387x780/DSC_0235-1387x780_780.jpg?v=0.1.085;
https://carbon.pro/wp-content/uploads/wpp_thumb/005_B800_rear-1387x780/005_B800_rear-1387x780_780.jpg?v=0.1.085"
https://carbon.pro/usd/product/carbon-flow-through-rear-spoiler/,BMW,M3 Sedan,M3 (G80),Carbon Flow-Through Rear Spoiler, , ,Carbon Flow-Through Rear Spoiler,,0-14 days,3 036 $,"https://carbon.pro/wp-content/uploads/wpp_thumb/G8XCarbonWing_2048x2048/G8XCarbonWing_2048x2048_780.jpg?v=0.1.085;
https://carbon.pro/wp-content/uploads/wpp_thumb/G82CarbonSideGrilles2_eff5f117-4115-4e0e-aa8e-049f8fd89463_1024x1024/G82CarbonSideGrilles2_eff5f117-4115-4e0e-aa8e-049f8fd89463_1024x1024_780.jpg?v=0.1.085;
https://carbon.pro/wp-content/uploads/wpp_thumb/G8XCarbonRear_1024x1024/G8XCarbonRear_1024x1024_780.jpg?v=0.1.085;
https://carbon.pro/wp-content/uploads/wpp_thumb/G8XCarbonSide_1024x1024/G8XCarbonSide_1024x1024_780.jpg?v=0.1.085;
https://carbon.pro/wp-content/uploads/wpp_thumb/G8XCarbonWing2_1024x1024/G8XCarbonWing2_1024x1024_780.jpg?v=0.1.085;
https://carbon.pro/wp-content/uploads/wpp_thumb/G8XCarbonWing2_1edfeb31-3aa1-4022-9fd9-1e966c37d41d_1024x1024/G8XCarbonWing2_1edfeb31-3aa1-4022-9fd9-1e966c37d41d_1024x1024_780.jpg?v=0.1.085;
https://carbon.pro/wp-content/uploads/wpp_thumb/2023-02-13-23.16.56/2023-02-13-23.16.56_780.jpg?v=0.1.085"
https://carbon.pro/usd/product/carbon-rocker-blade-set-m4-g82/,BMW,M4 Coupe,M4 (G82),Carbon Rocker Blade Set (M4 G82), , ,Carbon Rocker Blade Set (M4 G82),,0-14 days,2 160 $,https://carbon.pro/wp-content/uploads/wpp_thumb/2023-02-13-23.16.53/2023-02-13-23.16.53_780.jpg?v=0.1.085
https://carbon.pro/usd/product/carbon-front-splitter-m3-m4-performance-style-g80-g82/,BMW,M3 Sedan,M3 (G80),Carbon Front Splitter (M3 M4 Performance Style G80 & G82), , ,Carbon Front Splitter (M3 M4 Performance Style G80 & G82),,0-14 days,2 360 $,"https://carbon.pro/wp-content/uploads/wpp_thumb/m3-m4-Carbon-Front-Splitter-M3-M4-Performance-Style-G80-G82-by-www.carbon.pro-4/m3-m4-Carbon-Front-Splitter-M3-M4-Performance-Style-G80-G82-by-www.carbon.pro-4_780.png?v=0.1.085;
https://carbon.pro/wp-content/uploads/wpp_thumb/IMAGE-2023-02-13-231410/IMAGE-2023-02-13-231410_780.jpg?v=0.1.085;
https://carbon.pro/wp-content/uploads/wpp_thumb/m-performance-g80-front-splitter/m-performance-g80-front-splitter_780.jpg?v=0.1.085;
https://carbon.pro/wp-content/uploads/wpp_thumb/G80963MGrey_1024x1024/G80963MGrey_1024x1024_780.jpg?v=0.1.085;